{"Acute Bronchitis": [-0.3309697781428169, 1.2535127072165238e-11], "Acute respiratory infections (ARI)": [0.20473457228745376, 3.867297952225355e-05], "Allergic Rhinitis": [0.2859209676187046, 6.3279994809016565e-09], "Asthma": [0.31274999008672477, 1.7653927775769802e-10], "Bronchiolitis": [0.23237094531136226, 2.7928497195156404e-06], "Bronchitis": [0.29296917714991894, 2.5604273304082495e-09], "Bullous Dermatoses": [0.03378099759818191, 0.5015831056710409], "Chickenpox": [0.2884451327607326, 4.589655478394107e-09], "Common Cold": [-0.21428290464375233, 0.0002967267074317346], "Conjunctival Disorders": [-0.12355650587544821, 0.013638358055708196], "Croup": [NaN, NaN], "ECLD - Asthma exacerbations": [0.17362017901822313, 0.0005027683565164839], "Herpes Simplex": [0.2761806985040359, 2.1216219173503952e-08], "Herpes Zoster": [-0.14080793792028132, 0.004888230672378259], "Impetigo": [-0.1450511844749422, 0.0037314802832302822], "Infectious Intestinal Diseases": [0.08350400679546675, 0.09619908344862235], "Infectious Mononucleosis": [-0.3664972563839246, 4.253203043241989e-14], "Influenza-like illness": [-0.040759693700202, 0.5072218518425238], "Laryngitis": [NaN, NaN], "Laryngitis and Tracheitis": [0.04530529800571937, 0.3673448503483431], "Lower Respiratory Tract Infections": [0.33797476407444904, 4.322113014843319e-12], "Measles": [0.03166867231414844, 0.5287214604593505], "Meningitis and Encephalitis": [-0.3144284455062259, 1.3938949501916156e-10], "Mumps": [-0.13588634410513264, 0.006627546418841411], "Non-infective Enteritis and Colitis": [-0.23962098722346098, 1.3246357367232522e-06], "Otitis Media": [0.18325154625631218, 0.00023735639814319426], "Otitis Media Acute New": [-0.22894816261731885, 3.939087820791808e-06], "Peripheral Nervous Disease": [0.13843942809319298, 0.005666085670116418], "Pleurisy": [-0.012504605006099498, 0.8035996744954768], "Pneumonia": [0.2803228443985023, 1.275607479520389e-08], "Pneumonia and Pneumonitis": [0.45874969248830877, 4.1521142772997534e-22], "Respiratory System Diseases": [-0.03461538863833073, 0.49106923320117024], "Rubella": [0.16927934910590434, 0.0006963948279142499], "Scabies": [-0.08739700115848709, 0.08161099754100694], "Sinusitis": [0.3220771091405299, 4.660524751063029e-11], "Skin and Subcutaneous Tissue Infections": [0.45660873640711563, 6.814386072783335e-22], "Strep Throat and Peritonsillar Abscess": [-0.03849035681769528, 0.4438257678130173], "Symptoms involving musckuoskeletal": [-0.4705047302877546, 2.567688121930933e-23], "Symptoms involving musculoskeletal": [0.6775681199954937, 8.471898051329837e-55], "Symptoms involving Respiratory and Chest": [0.6514269061433076, 2.536208300886415e-35], "Symptoms involving Skin and Integument Tissues": [-0.6079036715010177, 1.407331049842271e-41], "Tonsillitis and acute Pharyngitis": [0.21733435326248934, 1.216731258996183e-05], "Tonsillitis/Pharyngitis": [0.245550920283096, 7.069285913262765e-07], "Upper Respiratory Tract Infections": [-0.011124628069123114, 0.8527135623114213], "Urinary Tract Infections": [0.09199255026829793, 0.06674867959934476], "Viral Hepatitis": [-0.07831708990208686, 0.1187826710936398], "Whooping Cough": [-0.2905982862337863, 3.4809886683936137e-09]}