{"Acute Bronchitis": [-0.27778738658662666, 1.743401710851905e-08], "Acute respiratory infections (ARI)": [-0.02831540667790969, 0.5732804496164772], "Allergic Rhinitis": [-0.24192113519786562, 1.6077221309850724e-05], "Asthma": [0.15051157439488894, 0.002608873509658316], "Bronchiolitis": [-0.1445126770986089, 0.0038630780922876353], "Bronchitis": [0.1767147113373515, 0.0003966906589105487], "Bullous Dermatoses": [-0.023631050086883734, 0.6383401430943281], "Chickenpox": [0.04590229554428737, 0.36105892966856845], "Common Cold": [-0.31361094726514754, 1.5902792374971086e-08], "Conjunctival Disorders": [0.09274135873309577, 0.10258560154250264], "COVID-19": [-0.3156139693924379, 1.1785970399863317e-10], "Croup": [NaN, NaN], "ECLD - Asthma exacerbations": [0.2198269683885705, 9.599822727962903e-06], "ECLD - COPD exacerbations": [-0.0135666767300913, 0.7873022031530881], "Herpes Simplex": [0.13290808021139444, 0.007931867510925922], "Herpes Zoster": [-0.1731898141999427, 0.0005194517764973277], "Impetigo": [-0.2030383577574316, 4.495013562905006e-05], "Infectious Intestinal Diseases": [0.1014300722830824, 0.04313737055211211], "Infectious Mononucleosis": [-0.3661362420851972, 4.522700851312005e-14], "Influenza-like illness": [0.09968373145363627, 0.04688010438888517], "Laryngitis": [0.1749107305082004, 0.00045567556402128666], "Laryngitis and Tracheitis": [-0.07016991245676825, 0.2172034486922101], "Lower Respiratory Tract Infections": [0.30927395108999334, 2.8661961242187633e-10], "Measles": [0.03952565897762264, 0.43165566546884204], "Meningitis and Encephalitis": [-0.2911593477353519, 3.2377799449375194e-09], "Mumps": [-0.110344177105499, 0.027724614003207707], "Non-infective Enteritis and Colitis": [0.44263620142483484, 1.4194809507011813e-14], "Otitis Media": [-0.052641720131130006, 0.29481261415860655], "Otitis Media Acute New": [-0.1622057139978319, 0.0011648644070072294], "Peripheral Nervous Disease": [-0.021589890673223963, 0.6676231971874806], "Pleurisy": [0.10687307362986019, 0.03304688288568355], "Pneumonia": [0.08403157464339465, 0.09410820451063241], "Pneumonia and Pneumonitis": [0.5486142775195529, 1.1756711865101012e-32], "Respiratory System Diseases": [-0.053075481312729725, 0.2908463328795609], "Rubella": [0.1831724852096182, 0.000238860728444171], "Scabies": [-0.21937432536706772, 1.0024055262228302e-05], "Sinusitis": [0.19322049415510423, 0.0013085959715684152], "Skin and Subcutaneous Tissue Infections": [0.38753365955990776, 1.0352322338163758e-15], "Strep Throat and Peritonsillar Abscess": [-0.07719278632576822, 0.17450975955061646], "Symptoms involving musckuoskeletal": [-0.47788103366042883, 4.2350389895026795e-24], "Symptoms involving musculoskeletal": [0.6593754747268926, 5.271732427461757e-51], "Symptoms involving Respiratory and Chest": [0.5778280343183465, 7.972285288935797e-37], "Symptoms involving Skin and Integument Tissues": [-0.5755079114896335, 1.770305093834141e-36], "Tonsillitis and acute Pharyngitis": [0.3279646860368066, 1.963051640450289e-11], "Tonsillitis/Pharyngitis": [0.14506983886822727, 0.0037269952449395763], "Upper Respiratory Tract Infections": [0.3849443312766194, 1.6596382356784555e-15], "Urinary Tract Infections": [0.039134155819008594, 0.43623501988383273], "Viral Hepatitis": [-0.1264152891156221, 0.011596886110103712], "Whooping Cough": [-0.2658644375463444, 7.264391123105363e-08]}